{
  "version": 1,
  "author": "Embedded C ES",
  "editor": "wokwi",
  "parts": [
    {
      "type": "board-st-nucleo-c031c6",
      "id": "nucleo",
      "top": -8.77,
      "left": -144.98,
      "attrs": {}
    },
    { "type": "wokwi-led", "id": "led1", "top": 25.2, "left": 167, "attrs": { "color": "green" } },
    {
      "type": "wokwi-led",
      "id": "led2",
      "top": 25.2,
      "left": 234.2,
      "attrs": { "color": "yellow" }
    },
    { "type": "wokwi-led", "id": "led3", "top": 25.2, "left": 311, "attrs": { "color": "red" } }
  ],
  "connections": [
    [ "$serialMonitor:TX", "nucleo:PA3", "", [] ],
    [ "$serialMonitor:RX", "nucleo:PA2", "", [] ],
    [ "led1:C", "nucleo:GND.9", "black", [ "v0" ] ],
    [ "led2:C", "nucleo:GND.9", "black", [ "v76.8", "h-86" ] ],
    [ "led3:C", "nucleo:GND.9", "black", [ "v0" ] ],
    [ "nucleo:D13", "led1:A", "green", [ "h0" ] ],
    [ "led2:A", "nucleo:D12", "orange", [ "v0" ] ],
    [ "led3:A", "nucleo:D11", "red", [ "v0" ] ]
  ],
  "dependencies": {}
}