{
  "version": 1,
  "author": "Embedded C ES",
  "editor": "wokwi",
  "parts": [
    { "type": "board-st-nucleo-c031c6", "id": "nucleo", "top": 0, "left": 0, "attrs": {} },
    { "type": "wokwi-junction", "id": "j1", "top": 100.8, "left": 283.2, "attrs": {} },
    {
      "type": "wokwi-led",
      "id": "led1",
      "top": 111.6,
      "left": 291.8,
      "attrs": { "color": "red" }
    },
    {
      "type": "wokwi-led",
      "id": "led3",
      "top": 111.6,
      "left": 330.2,
      "attrs": { "color": "red" }
    },
    {
      "type": "wokwi-led",
      "id": "led4",
      "top": 111.6,
      "left": 368.6,
      "attrs": { "color": "red" }
    }
  ],
  "connections": [
    [ "$serialMonitor:TX", "nucleo:PA3", "", [] ],
    [ "$serialMonitor:RX", "nucleo:PA2", "", [] ],
    [ "nucleo:GND.9", "j1:J", "black", [ "h0" ] ],
    [ "j1:J", "led1:C", "black", [ "v0" ] ],
    [ "led1:A", "nucleo:D13", "green", [ "v0" ] ],
    [ "j1:J", "led3:C", "black", [ "v0", "h38.4", "v48" ] ],
    [ "led3:A", "nucleo:D12", "green", [ "v0" ] ],
    [ "j1:J", "led4:C", "black", [ "v0", "h76.8", "v48" ] ],
    [ "led4:A", "nucleo:D11", "green", [ "v0" ] ]
  ],
  "dependencies": {}
}